<?xml version="1.0" encoding="UTF-8"?>
<project xmlns="http://maven.apache.org/POM/4.0.0" xmlns:xsi="http://www.w3.org/2001/XMLSchema-instance" xsi:schemaLocation="http://maven.apache.org/POM/4.0.0 http://maven.apache.org/maven-v4_0_0.xsd">
  <modelVersion>4.0.0</modelVersion>
  <groupId>com.roncoo.eshop</groupId>
  <artifactId>storm-helloworld</artifactId>
  <name>storm-helloworld</name>
  <version>0.0.1-SNAPSHOT</version>
  <url>http://maven.apache.org</url>
  <build>
    <sourceDirectory>src/main/java</sourceDirectory>
    <testSourceDirectory>test/main/java</testSourceDirectory>
    <plugins>
      <plugin>
        <artifactId>maven-shade-plugin</artifactId>
        <executions>
          <execution>
            <phase>package</phase>
            <goals>
              <goal>shade</goal>
            </goals>
            <configuration>
              <transformers>
                <transformer />
                <transformer />
              </transformers>
            </configuration>
          </execution>
        </executions>
        <configuration>
          <createDependencyReducedPom>true</createDependencyReducedPom>
          <filters>
            <filter>
              <artifact>*:*</artifact>
              <excludes>
                <exclude>META-INF/*.SF</exclude>
                <exclude>META-INF/*.sf</exclude>
                <exclude>META-INF/*.DSA</exclude>
                <exclude>META-INF/*.dsa</exclude>
                <exclude>META-INF/*.RSA</exclude>
                <exclude>META-INF/*.rsa</exclude>
                <exclude>META-INF/*.EC</exclude>
                <exclude>META-INF/*.ec</exclude>
                <exclude>META-INF/MSFTSIG.SF</exclude>
                <exclude>META-INF/MSFTSIG.RSA</exclude>
              </excludes>
            </filter>
          </filters>
        </configuration>
      </plugin>
      <plugin>
        <groupId>org.codehaus.mojo</groupId>
        <artifactId>exec-maven-plugin</artifactId>
        <version>1.2.1</version>
        <executions>
          <execution>
            <goals>
              <goal>exec</goal>
            </goals>
          </execution>
        </executions>
        <configuration>
          <executable>java</executable>
          <includeProjectDependencies>true</includeProjectDependencies>
          <includePluginDependencies>false</includePluginDependencies>
          <classpathScope>compile</classpathScope>
          <mainClass>com.roncoo.eshop.storm.WordCountTopology</mainClass>
        </configuration>
      </plugin>
    </plugins>
  </build>
  <dependencies>
    <dependency>
      <groupId>junit</groupId>
      <artifactId>junit</artifactId>
      <version>4.6</version>
      <scope>test</scope>
    </dependency>
    <dependency>
      <groupId>org.apache.storm</groupId>
      <artifactId>storm-core</artifactId>
      <version>1.1.0</version>
      <scope>provided</scope>
      <exclusions>
        <exclusion>
          <artifactId>kryo</artifactId>
          <groupId>com.esotericsoftware</groupId>
        </exclusion>
        <exclusion>
          <artifactId>clojure</artifactId>
          <groupId>org.clojure</groupId>
        </exclusion>
        <exclusion>
          <artifactId>ring-cors</artifactId>
          <groupId>ring-cors</groupId>
        </exclusion>
        <exclusion>
          <artifactId>disruptor</artifactId>
          <groupId>com.lmax</groupId>
        </exclusion>
        <exclusion>
          <artifactId>log4j-api</artifactId>
          <groupId>org.apache.logging.log4j</groupId>
        </exclusion>
        <exclusion>
          <artifactId>log4j-core</artifactId>
          <groupId>org.apache.logging.log4j</groupId>
        </exclusion>
        <exclusion>
          <artifactId>log4j-slf4j-impl</artifactId>
          <groupId>org.apache.logging.log4j</groupId>
        </exclusion>
        <exclusion>
          <artifactId>log4j-over-slf4j</artifactId>
          <groupId>org.slf4j</groupId>
        </exclusion>
        <exclusion>
          <artifactId>servlet-api</artifactId>
          <groupId>javax.servlet</groupId>
        </exclusion>
        <exclusion>
          <artifactId>slf4j-api</artifactId>
          <groupId>org.slf4j</groupId>
        </exclusion>
      </exclusions>
    </dependency>
  </dependencies>
  <properties>
    <project.build.sourceEncoding>UTF-8</project.build.sourceEncoding>
  </properties>
</project>
